{
  "name": "baseline",
  "runs": 3,
  "medians": {
    "parse_layout": 0.20291344000725076,
    "parse_gfa": 10.037709739001002,
    "bubble_gun": 6.592048942999099,
    "load_gfa_index": 0.23941035600728355,
    "load_step_index": 0.021495688997674733,
    "load_bubble_index": 1.4304796659998829,
    "total": 18.526807678994373
  },
  "raw": [
    {
      "parse_layout": 0.20291344000725076,
      "parse_gfa": 9.907448095007567,
      "bubble_gun": 7.0510396669997135,
      "load_gfa_index": 0.23346965199743863,
      "load_step_index": 0.021529696008656174,
      "load_bubble_index": 1.4304796659998829,
      "total": 18.84688021602051
    },
    {
      "parse_layout": 0.20364500100549776,
      "parse_gfa": 10.037709739001002,
      "bubble_gun": 6.592048942999099,
      "load_gfa_index": 0.23941035600728355,
      "load_step_index": 0.02103858400369063,
      "load_bubble_index": 1.3933322940138169,
      "total": 18.48718491703039
    },
    {
      "parse_layout": 0.18622854200657457,
      "parse_gfa": 10.089109434004058,
      "bubble_gun": 6.54490897199139,
      "load_gfa_index": 0.2411891889933031,
      "load_step_index": 0.021495688997674733,
      "load_bubble_index": 1.4438758530013729,
      "total": 18.526807678994373
    }
  ]
}