{
  "name": "optimized_gfa",
  "runs": 3,
  "medians": {
    "parse_layout": 0.1895648420031648,
    "parse_gfa": 9.037241054000333,
    "bubble_gun": 6.698528766995878,
    "load_gfa_index": 0.24069970998971257,
    "load_step_index": 0.02157917499425821,
    "load_bubble_index": 1.3829071219952311,
    "total": 17.607583670018357
  },
  "raw": [
    {
      "parse_layout": 0.20408452200354077,
      "parse_gfa": 9.030603485996835,
      "bubble_gun": 6.745391992997611,
      "load_gfa_index": 0.2325454770034412,
      "load_step_index": 0.02140134600631427,
      "load_bubble_index": 1.3735568460106151,
      "total": 17.607583670018357
    },
    {
      "parse_layout": 0.1895648420031648,
      "parse_gfa": 9.037241054000333,
      "bubble_gun": 6.658343673989293,
      "load_gfa_index": 0.24069970998971257,
      "load_step_index": 0.021709305990953,
      "load_bubble_index": 1.3829071219952311,
      "total": 17.530465707968688
    },
    {
      "parse_layout": 0.18533348500204738,
      "parse_gfa": 9.090244484992581,
      "bubble_gun": 6.698528766995878,
      "load_gfa_index": 0.25702468199597206,
      "load_step_index": 0.02157917499425821,
      "load_bubble_index": 1.427044420997845,
      "total": 17.679755014978582
    }
  ]
}